CREATE DATABASE  IF NOT EXISTS `employee_directory`;
USE `employee_directory`;

--
-- Table structure for table `employee`
--

DROP TABLE IF EXISTS `employee`;

CREATE TABLE `employee` (
  `id` int NOT NULL AUTO_INCREMENT,
  `first_name` nvarchar(45) DEFAULT NULL,
  `last_name` nvarchar(45) DEFAULT NULL,
  `email` varchar(45) DEFAULT NULL,
  PRIMARY KEY (`id`)
) ENGINE=InnoDB AUTO_INCREMENT=1 DEFAULT CHARSET=latin1;

--
-- Data for table `employee`
--

INSERT INTO `employee` VALUES 
	(1,'Leslie','Andrews','leslie@luv2code.com'),
	(2,'Emma','Baumgarten','emma@luv2code.com'),
	(3,'Avani','Gupta','avani@luv2code.com'),
	(4,'Yuri','Petrov','yuri@luv2code.com'),
	(5,'Juan','Vega','juan@luv2code.com');
    
    






USE `employee_directory`;
DROP TABLE IF exists `authorities`;
DROP TABLE IF exists `users`;


create table `users` (
	`username` varchar(50) not null primary key,
    `password` char(100) not null,
    `enabled` tinyint not null 
) engine=InnoDB default charset=latin1;

/*
create table `users` (
	`username` varchar(50) not null primary key,
    `password` char(100) not null,
    `enabled` tinyint not null 
) engine=InnoDB default charset=latin1;
*/

-- Inserting data for table `users` plaintext

/*
INSERT INTO `users` 
VALUES 
('john','{noop}test123',1),
('mary','{noop}test123',1),
('susan','{noop}test123',1);
*/

--
-- Inserting data for table `users`
--
-- NOTE: The passwords are encrypted using BCrypt
--
-- A generation tool is avail at: https://www.luv2code.com/generate-bcrypt-password
--
-- Default passwords here are: fun123
--
INSERT INTO `users` 
VALUES 
('john','{bcrypt}$2a$10$qeS0HEh7urweMojsnwNAR.vcXJeXR1UcMRZ2WcGQl9YeuspUdgF.q',1),
('mary','{bcrypt}$2a$10$qeS0HEh7urweMojsnwNAR.vcXJeXR1UcMRZ2WcGQl9YeuspUdgF.q',1),
('susan','{bcrypt}$2a$10$qeS0HEh7urweMojsnwNAR.vcXJeXR1UcMRZ2WcGQl9YeuspUdgF.q',1);


create table `authorities` (
	`username` varchar(50) not null,
    `authority` varchar(50) not null,
    unique key `authorities_idx_1` (`username`, `authority`),
    constraint `authorities_ibfk_1` foreign key (`username`) references `users` (`username`)
)ENGINE=InnoDB DEFAULT CHARSET=latin1;

INSERT INTO `authorities` 
VALUES 
('john','ROLE_EMPLOYEE'),
('mary','ROLE_EMPLOYEE'),
('mary','ROLE_MANAGER'),
('susan','ROLE_EMPLOYEE'),
('susan','ROLE_MANAGER'),
('susan','ROLE_ADMIN');





USE `employee_directory`;

DROP TABLE IF EXISTS `roles`;
DROP TABLE IF EXISTS `members`;

--
-- Table structure for table `members`
--

CREATE TABLE `members` (
  `user_id` varchar(50) NOT NULL,
  `pw` char(68) NOT NULL,
  `active` tinyint NOT NULL,
  PRIMARY KEY (`user_id`)
) ENGINE=InnoDB DEFAULT CHARSET=latin1;

--
-- Inserting data for table `members`
--
-- NOTE: The passwords are encrypted using BCrypt
--
-- A generation tool is avail at: https://www.luv2code.com/generate-bcrypt-password
--
-- Default passwords here are: fun123
--

INSERT INTO `members`
VALUES
('john','{bcrypt}$2a$10$qeS0HEh7urweMojsnwNAR.vcXJeXR1UcMRZ2WcGQl9YeuspUdgF.q',1),
('mary','{bcrypt}$2a$10$qeS0HEh7urweMojsnwNAR.vcXJeXR1UcMRZ2WcGQl9YeuspUdgF.q',1),
('susan','{bcrypt}$2a$10$qeS0HEh7urweMojsnwNAR.vcXJeXR1UcMRZ2WcGQl9YeuspUdgF.q',1);


--
-- Table structure for table `authorities`
--

CREATE TABLE `roles` (
  `user_id` varchar(50) NOT NULL,
  `role` varchar(50) NOT NULL,
  UNIQUE KEY `authorities5_idx_1` (`user_id`,`role`),
  CONSTRAINT `authorities5_ibfk_1` FOREIGN KEY (`user_id`) REFERENCES `members` (`user_id`)
) ENGINE=InnoDB DEFAULT CHARSET=latin1;

--
-- Inserting data for table `roles`
--

INSERT INTO `roles`
VALUES
('john','ROLE_EMPLOYEE'),
('mary','ROLE_EMPLOYEE'),
('mary','ROLE_MANAGER'),
('susan','ROLE_EMPLOYEE'),
('susan','ROLE_MANAGER'),
('susan','ROLE_ADMIN');






-- custom

USE `employee_directory`;

SET foreign_key_checks = 0;
DROP TABLE IF EXISTS `user`;
DROP TABLE IF EXISTS `role`;
SET foreign_key_checks = 1;

--
-- Table structure for table `user`
--

DROP TABLE IF EXISTS `user`;

CREATE TABLE `user` (
  `id` int(11) NOT NULL AUTO_INCREMENT,
  `username` varchar(50) NOT NULL,
  `password` char(80) NOT NULL,
  `enabled` tinyint NOT NULL,  
  PRIMARY KEY (`id`)
) ENGINE=InnoDB AUTO_INCREMENT=1 DEFAULT CHARSET=latin1;

--
-- Dumping data for table `user`
--
-- NOTE: The passwords are encrypted using BCrypt
--
-- A generation tool is avail at: http://www.luv2code.com/generate-bcrypt-password
--
-- Default passwords here are: fun123
--

INSERT INTO `user` (`username`,`password`,`enabled`)
VALUES 
('john','$2a$04$eFytJDGtjbThXa80FyOOBuFdK2IwjyWefYkMpiBEFlpBwDH.5PM0K',1),
('mary','$2a$04$eFytJDGtjbThXa80FyOOBuFdK2IwjyWefYkMpiBEFlpBwDH.5PM0K',1),
('susan','$2a$04$eFytJDGtjbThXa80FyOOBuFdK2IwjyWefYkMpiBEFlpBwDH.5PM0K',1);


--
-- Table structure for table `role`
--

DROP TABLE IF EXISTS `role`;

CREATE TABLE `role` (
  `id` int(11) NOT NULL AUTO_INCREMENT,
  `name` varchar(50) DEFAULT NULL,
  PRIMARY KEY (`id`)
) ENGINE=InnoDB AUTO_INCREMENT=1 DEFAULT CHARSET=latin1;

--
-- Dumping data for table `roles`
--

INSERT INTO `role` (name)
VALUES 
('ROLE_EMPLOYEE'),('ROLE_MANAGER'),('ROLE_ADMIN');

--
-- Table structure for table `users_roles`
--

DROP TABLE IF EXISTS `users_roles`;

CREATE TABLE `users_roles` (
  `user_id` int(11) NOT NULL,
  `role_id` int(11) NOT NULL,
  
  PRIMARY KEY (`user_id`,`role_id`),
  
  KEY `FK_ROLE_idx` (`role_id`),
  
  CONSTRAINT `FK_USER_05` FOREIGN KEY (`user_id`) 
  REFERENCES `user` (`id`) 
  ON DELETE NO ACTION ON UPDATE NO ACTION,
  
  CONSTRAINT `FK_ROLE` FOREIGN KEY (`role_id`) 
  REFERENCES `role` (`id`) 
  ON DELETE NO ACTION ON UPDATE NO ACTION
) ENGINE=InnoDB DEFAULT CHARSET=latin1;

SET FOREIGN_KEY_CHECKS = 1;

--
-- Dumping data for table `users_roles`
--

INSERT INTO `users_roles` (user_id,role_id)
VALUES 
(1, 1),
(2, 1),
(2, 2),
(3, 1),
(3, 2),
(3, 3)






